Postcode Prefix,Sales Region
AB,Mid & North
AL,South East
B,Mid & North
BA,South West
BB,Mid & North
BD,Mid & North
BH,South West
BL,Mid & North
BN,South West
BR,South East
BS,South West
BT,Mid & North
CA,Mid & North
CB,Mid & North
CF,Mid & North
CH,Mid & North
CM,South East
CO,South East
CR,South East
CT,South East
CV,Mid & North
CW,Mid & North
D,Mid & North
DA,South East
DD,Mid & North
DE,Mid & North
DG,Mid & North
DH,Mid & North
DL,Mid & North
DN,Mid & North
DT,South West
DY,Mid & North
E,South East
EC,South East
EH,Mid & North
EN,South East
EX,South West
FK,Mid & North
FY,Mid & North
G,Mid & North
GL,Mid & North
GU,South West
GY,South West
HA,South East
HD,Mid & North
HG,Mid & North
HP,South East
HR,Mid & North
HS,Mid & North
HU,Mid & North
HX,Mid & North
IG,South East
IM,Mid & North
IP,Mid & North
IV,Mid & North
JE,South West
KA,Mid & North
KT,South East
KW,Mid & North
KY,Mid & North
L,Mid & North
LA,Mid & North
LD,Mid & North
LE,Mid & North
LL,Mid & North
LN,Mid & North
LS,Mid & North
LU,Mid & North
M,Mid & North
ME,South East
MK,Mid & North
ML,Mid & North
N,South East
NE,Mid & North
NG,Mid & North
NN,Mid & North
NP,Mid & North
NR,Mid & North
NW,South East
OL,Mid & North
OX,Mid & North
PA,Mid & North
PE,Mid & North
PH,Mid & North
PL,South West
PO,South West
PR,Mid & North
RG,South West
RH,South East
RM,South East
S,Mid & North
SA,Mid & North
SE,South East
SG,South East
SK,Mid & North
SL,South West
SM,South East
SN,South West
SO,South West
SP,South West
SR,Mid & North
SS,South East
ST,Mid & North
SW,South East
SY,Mid & North
TA,South West
TD,Mid & North
TF,Mid & North
TN,South East
TQ,South West
TR,South West
TS,Mid & North
TW,South East
UB,South East
W,South East
WA,Mid & North
WC,South East
WD,South East
WF,Mid & North
WN,Mid & North
WR,Mid & North
WS,Mid & North
WV,Mid & North
Y,Mid & North
YO,Mid & North
ZE,Mid & North
